"timestamp","speed","accuracy","acceleration_magnitude","DFT_E1","DFT_E2","DFT_E3","mode"
1388061041,0,24,10.9009742294,118.83123915,100.267424617,97.0848667903,"bus"
1387870666,0,6,11.6081530979,134.749218344,139.677886193,143.902672617,"auto"
1387871618,0,24,10.2644827139,105.359605384,100.703435508,103.49964296,"bus"
1387972146,0,8,11.4162975698,130.331850202,130.331850202,130.141357479,"bus"
1387970785,3.0991304,8,13.462747867,181.24558013,135.122288421,85.3352487934,"auto"
1387974298,1.0987172,128,11.9757562548,143.418737874,141.732682104,142.23891596,"stationary"
1387969282,1.0898862,24,4.0145977041,16.1169947258,16.1169947258,22.7502558308,"walking"
1388060939,0,24,10.077753109,101.561107726,108.703325363,106.735313835,"bus"
1388057378,1.0186565,12,11.3690797432,129.255974207,111.797575544,91.7471630212,"walking"
1387974877,0,32,11.9406819729,142.579885978,141.780047578,142.113840583,"stationary"
1387974846,0,32,11.9268882313,142.250662882,142.549511521,142.794025095,"stationary"
1387870186,0.6119074,8,9.91984302536,98.4032856478,97.3064124975,97.6020204302,"walking"
1387972331,0,16,11.8492742613,140.40530052,137.895408249,138.670230258,"bus"
1387871667,0,24,12.2546107204,150.175483909,165.711102814,175.74657456,"bus"
1387875300,0,32,11.9608928322,143.062957343,142.913866219,143.006443609,"stationary"
1387974872,0,32,11.9036543747,141.696987472,143.047218646,142.57240116,"stationary"
1387969652,1.0020846,6,11.1396882875,124.092655143,119.701851917,110.664618597,"walking"
1387974698,0,150,11.8609761557,140.682755366,142.446730869,140.65858331,"stationary"
1387875231,0,32,11.9735438985,143.365753489,143.365753489,143.365753489,"stationary"
1387869911,0.8281529,6,12.6208733711,159.286444649,145.869057649,149.9035708,"walking"
1387974697,0,32,11.8965929683,141.528924253,141.820480692,141.027811752,"stationary"
1387875531,0,32,11.9605022406,143.053613847,143.053613847,143.239185635,"stationary"
1388060980,0,24,9.8877986434,97.7685620124,97.7685620124,96.9841891945,"bus"
1387870743,5.2311068,12,12.884963521,166.022284938,112.941493781,113.233966477,"auto"
1387974490,0,32,12.0264486583,144.635467331,142.648691393,144.202455589,"stationary"
1387974120,0,150,11.9283139137,142.284672824,145.32512115,144.885285327,"stationary"
1387974195,0,150,11.9654056251,143.170931773,142.841059105,142.856363465,"stationary"
1387875693,0,32,11.996395444,143.913503649,142.423181971,143.429091912,"stationary"
1387875278,0,32,11.9438677581,142.655977023,143.427539488,143.153680344,"stationary"
1388057898,0.8832662,8,12.1370249391,147.307374372,147.307374372,177.248496286,"walking"
1387875279,0,150,11.988702876,143.728996649,142.821971449,142.816819638,"stationary"
1387971118,0,4,11.9179105473,142.036591813,131.963950596,128.853096443,"auto"
1387870803,0,16,12.0761697396,145.83387558,144.796418875,141.994472178,"auto"
1388061018,0,24,10.5887445873,112.121511935,112.121511935,179.480994689,"bus"
1388057838,0,16,11.5872467593,134.264287461,173.816673969,144.735898962,"walking"
1388057820,0,16,11.3617271395,129.088843592,129.088843592,128.773435851,"walking"
1387871286,0,12,10.4306307669,108.798058195,110.278828015,117.308048014,"auto"
1387875104,0,150,12.0273741114,144.657728016,144.44698608,145.022406418,"stationary"
1388060540,2.3307722,12,10.0833940848,101.674836269,97.7316564648,99.8736839272,"bus"
1388061079,0,24,11.2111481374,125.689842559,90.8008921283,90.5409633695,"bus"
1387875705,0,150,11.9576462654,142.985304208,142.985304208,142.985304208,"stationary"
1388060985,0,24,10.0132991789,100.266160446,113.618913858,121.148259414,"bus"
1387971153,0,6,11.6985941658,136.857105456,139.78101325,137.832604559,"auto"
1387872286,0,24,13.9837344423,195.544828953,110.262704807,105.551854135,"bus"
1387969914,0,858,12.3053085815,151.420619286,131.798006108,117.522356842,"walking"
1387972189,0,24,12.2527664082,150.130284654,156.843131184,162.102633497,"bus"
1387875076,0,32,11.9795965575,143.51073368,143.320320117,142.757690734,"stationary"
1388061011,0,24,12.6048537511,158.882338087,182.922290583,198.193928833,"bus"
1387870030,0,858,11.2328330558,126.176538459,121.05701722,117.879315092,"walking"
1387971481,7.7250023,12,11.7252129643,137.480619058,137.480619058,132.549042668,"auto"
1387974410,0,150,11.9236894582,142.174370296,142.044534633,142.065349473,"stationary"
1387870117,0.8936295,16,13.7340618426,188.624454696,188.624454696,206.915204432,"walking"
1387871152,0,24,11.5107125954,132.496504454,137.404777469,146.257707721,"auto"
1387870731,3.2107358,12,13.6370142037,185.968156392,136.184673586,124.686157831,"auto"
1387869763,0,8,12.8970887406,166.334897983,159.308418489,148.396250463,"walking"
1388057928,0,16,14.3442923366,205.758722638,202.719708035,194.137948173,"walking"
1387870016,0.8536372,12,11.553234654,133.47723097,133.696621072,131.652741331,"walking"
1387871189,1.1431746,16,11.243717604,126.421185558,126.421185558,156.424587627,"auto"
1388060969,0,24,10.3190250237,106.48227744,106.48227744,102.666597884,"bus"
1387870737,4.9629927,8,6.78741605934,46.0690167626,110.26382249,113.561235794,"auto"
1387871534,0,768,12.0991369274,146.389114388,116.967784596,81.362340543,"bus"
1387969672,1.0769757,8,14.7501378593,217.566566868,217.566566868,207.77916804,"walking"
1387974623,0,32,11.9292472834,142.306940749,142.842062421,141.861329665,"stationary"
1387971070,2.7986867,8,14.5168363896,210.738538762,210.738538762,231.927779593,"auto"
1387875449,0,24,11.9900500622,143.761300494,143.761300494,143.761300494,"stationary"
1387969809,0.78582513,16,12.6610796993,160.302939152,162.536002235,166.594935698,"walking"
1387974029,0,150,11.9291742271,142.305197741,142.414818919,142.56870782,"stationary"
1387971154,0,8,11.4520069329,131.148462791,122.397402858,124.250435212,"auto"
1387871816,0,32,11.8947084241,141.484088494,141.484088494,144.152766963,"bus"
1387871561,0,16,10.4656118893,109.529032217,109.529032217,84.531888573,"bus"
1387871952,0,24,13.2245682886,174.88920642,153.591388379,172.994139845,"bus"
1387871191,0,768,11.4634478493,131.410636594,153.965854492,159.442403592,"auto"
1388057287,0,1007,12.3267536127,151.948854628,158.993946812,154.09702182,"walking"
1388057764,0,12,9.70769538679,94.2393497227,94.2393497227,94.5458584257,"walking"
1387874953,0,32,12.1003003708,146.417269064,145.147309131,145.463171016,"stationary"
1388057295,0,1007,12.1215027956,146.930830024,102.022626692,103.295242219,"walking"
1387870001,0.9752349,6,9.9084296721,98.176978567,103.082966634,105.960497958,"walking"
1388057708,0,902,12.1172287403,146.827232345,144.284831833,146.889232647,"walking"
1388061038,0,24,10.3780705486,107.704348312,109.812978081,110.647033378,"bus"
1388059617,0,8,11.2172878851,125.827547497,118.970725524,119.89059445,"auto"
1388057903,0.8832662,8,13.6816937147,187.188742903,206.316975595,213.190127128,"walking"
1388060949,0,24,10.1043853921,102.098604152,105.900600654,109.580089471,"bus"
1387874882,0,16,12.1043782158,146.515971991,146.340873185,146.657484182,"stationary"
1387969468,1.1050621,12,11.2991373668,127.670505234,143.76292944,209.734630489,"walking"
1387874864,1.5048765,16,12.0743864305,145.790807673,146.418064558,146.90958365,"stationary"
1387871172,0,24,11.9877685611,143.706595074,143.380820262,143.380820262,"auto"
1387872050,0,24,11.3212865392,128.171528903,136.300006172,133.300527309,"bus"
1388058901,2.2428694,12,10.9039946348,118.897098996,102.34160803,95.3176828451,"auto"
1388058797,5.684421,12,12.0526386635,145.266098753,142.856827567,127.870892157,"auto"
1387969668,1.0845678,6,13.5284770749,183.019691966,179.81195174,183.278141833,"walking"
1388060978,0,24,10.1371627026,102.762067659,96.163667888,97.2016160149,"bus"
1387869920,0,858,13.3816665045,179.068998438,133.096195397,135.528925937,"walking"
1387970884,3.6625671,8,11.7519201092,138.107626253,142.0427561,153.662111278,"auto"
1387869651,1.3220195,16,14.2504924111,203.076533959,176.143404535,158.784958363,"walking"
1387871861,0,24,10.1632421576,103.291491154,101.031418213,103.312008439,"bus"
1388061096,0,24,10.5360189311,111.007694916,111.007694916,63.1180505161,"bus"
1387871207,5.421204,24,14.4218879446,207.990851887,126.476036517,123.511535011,"auto"
1387871200,3.004871,12,12.0721466896,145.736725695,169.784853977,161.32585189,"auto"
1387869743,0,858,11.1910956216,125.240621212,125.240621212,125.240621212,"walking"
1387871045,0,12,9.66893606853,93.4883246973,315.059494684,328.528181011,"auto"
1387874925,0,150,12.1268875819,147.061402424,145.483037341,146.348794516,"stationary"
1387875529,1.212526,32,11.9378778337,142.512927172,142.512927172,142.864199167,"stationary"
1387971085,4.1808324,8,11.2034785673,125.517932008,167.851957292,190.809209745,"auto"
1387875095,0,32,12.0168505865,144.404698018,143.677942106,144.49177367,"stationary"
1387870839,3.2424483,16,10.9522931393,119.952725009,149.314198481,153.646249268,"auto"
1388060493,2.3307722,12,11.9206827219,142.102676556,133.826586343,119.63668172,"bus"
1387874808,0,858,12.1079320002,146.602017321,146.602017321,145.407529677,"stationary"
1387870085,0,8,10.0933552181,101.875819559,102.764146597,106.281015176,"walking"
1387969338,1.1221365,6,10.9010052324,118.831915077,114.673730824,122.851611531,"walking"
1388058843,6.1733565,12,10.219691772,104.442099915,124.239295312,140.174371436,"auto"
1387969852,1.0525101,16,9.56533468258,91.4956275898,93.8690653858,101.314903552,"walking"
1387875037,0,150,11.9695880087,143.271037098,143.366904832,143.615949239,"stationary"
1387970004,0,16,10.1957592204,103.95350608,108.599399044,121.536914287,"walking"
1387974423,0,32,11.998235752,143.957661161,144.525195201,143.485931072,"stationary"
1387972962,0,6,9.98298009847,99.6598916464,123.12436321,123.12436321,"bus"
1388061091,0,24,10.0249245994,100.499113224,100.499113224,95.0102732226,"bus"
1387970755,0,858,11.6076768233,134.738161234,138.3977364,147.446796546,"auto"
1387870616,3.0490444,8,10.5209469761,110.690325274,111.636069848,114.476610955,"auto"
1387871190,1.1431746,16,16.6761029469,278.092409496,51.2945938909,112.529637809,"auto"
1388060927,0,16,14.7799216234,218.446083194,128.524344433,93.483806859,"bus"
1387974465,0,32,11.9855079828,143.652401606,143.634496134,143.418199265,"stationary"
1387970031,0,16,16.5741623812,274.702858638,255.132476171,219.064570341,"walking"
1387870868,3.5412216,12,11.0010811465,121.023786392,121.023786392,130.639087519,"auto"
1387972665,0,16,9.03092996556,81.5576960428,79.8634367019,75.3110302193,"bus"
1387869790,0,858,10.1074887078,102.161327978,102.161327978,116.006306735,"walking"
1387972357,0,16,9.67351714548,93.5769339639,93.5769339639,105.174956652,"bus"
1388059462,1.2491367,12,11.3393368069,128.58055922,147.239822068,137.79685997,"auto"
1387974473,0,32,11.9830834173,143.594288186,144.365378635,144.914887798,"stationary"
1388059496,5.8574977,24,10.1243755527,102.502980332,102.502980332,102.267519551,"auto"
1387874919,0,24,12.1224960869,146.954911377,147.109931663,147.197147293,"stationary"
1387871646,0,24,10.2257178467,104.56530548,108.925241934,104.758135144,"bus"
1387871081,9.259023,8,12.104518056,146.519357368,199.362560513,174.708174132,"auto"
1387869526,1.1247878,8,12.9456463425,167.589759225,172.403427552,168.095312861,"walking"
1387875308,0,32,11.9740690632,143.37832993,143.37832993,143.37832993,"stationary"
1387874773,0,858,11.9871154558,143.690936951,143.466959043,142.977353395,"stationary"
1387875258,0,32,11.9596555564,143.033361028,144.415378636,143.03735925,"stationary"
1387869686,0,858,5.63340123662,31.7352094928,25.014508476,27.4016310086,"walking"
1387871061,6.964149,12,12.5315094373,157.038728777,157.368821415,154.64042595,"auto"
1387974855,0,32,11.9052216754,141.73430314,142.288853177,142.641665177,"stationary"
1387974635,0,32,11.9463311801,142.714828665,142.172024441,143.148553953,"stationary"
1388058836,0,16,11.5836229054,134.180319615,96.3818505429,107.355563396,"auto"
1387870543,2.2149677,8,12.3778590193,153.211393902,153.211393902,142.45624694,"auto"
1387970775,6.7222733,6,12.0102890207,144.247042361,142.432731233,148.462501709,"auto"
1388058879,2.2428694,12,11.9666921661,143.201721398,146.340282456,142.107383632,"auto"
1387969364,0.9669116,12,10.3938471204,108.032057962,127.247491549,133.913550466,"walking"
1387869670,0,8,11.7631493456,138.371682527,127.288256599,126.524383055,"walking"
1388057709,0,902,11.7614707436,138.332194053,142.687957609,143.364284591,"walking"
1387870996,0,16,12.0095674857,144.229711194,144.229711194,149.995433862,"auto"
1387875318,0,32,11.966084864,143.187186972,143.187186972,143.522521007,"stationary"
1388059090,6.6176896,12,9.9132432229,98.2723911964,96.2943458523,117.157858063,"auto"
1388057412,0.87246484,16,10.024286701,100.486323864,199.588616544,194.652519996,"walking"
1387972709,0,16,12.641170769,159.799198411,132.758866403,128.468508549,"bus"
1387974086,0,150,11.9253840721,142.214785267,142.089657316,142.316263453,"stationary"
1388060938,0,24,10.3897421894,107.946742762,107.263135461,101.217777996,"bus"
1387869864,0,858,13.0041553617,169.108056671,163.724634234,172.940901605,"walking"
1388057912,0,12,11.4743054731,131.65968609,120.127747168,113.570099467,"walking"
1387875188,0,150,11.9481803143,142.759012823,142.759012823,143.459855228,"stationary"
1388059449,7.029641,8,10.0444933315,100.891846287,102.027475061,99.9833331359,"auto"
1387974624,0,150,11.9781267291,143.475519938,141.934133428,142.143190513,"stationary"
1387871723,0,24,12.1132332514,146.730419803,143.737175413,145.975939304,"bus"
1387875406,0,24,11.9250288226,142.20631242,143.617615344,142.930650101,"stationary"
1387871384,0,16,11.9103128869,141.855553064,137.879211372,136.828453664,"auto"
1387871234,7.3777122,12,11.2455393222,126.462154647,126.462154647,150.68784407,"auto"
1387871154,0,12,11.3174518231,128.084715768,128.084715768,128.084715768,"auto"
1387875654,0,32,11.9423310893,142.619271846,143.589274853,143.297312506,"stationary"
1388059523,4.3472567,16,12.8864045645,166.0594226,166.0594226,98.1435769867,"auto"
1387869727,0,858,14.1319598953,199.712290482,172.292318651,172.292318651,"walking"
1387871148,0,12,11.9670933933,143.211324284,153.677005456,158.008836436,"auto"
1387875516,1.212526,32,11.9510365728,142.827275164,142.702343356,143.578218861,"stationary"
1387974128,0,150,11.9557295814,142.939469824,142.939469824,139.605000646,"stationary"
1387870271,1.1553103,8,11.6462298902,135.634670655,135.634670655,161.04235086,"walking"
1387875388,0,32,11.9542134271,142.903218661,143.217607735,144.097405985,"stationary"
1387974795,0,150,11.9006239233,141.624849764,142.198040863,141.35699408,"stationary"
1387875517,0,150,11.9630880708,143.11547619,142.919068192,142.695697815,"stationary"
1387871335,0,16,9.75406476272,95.1417793953,95.1417793953,95.1417793953,"auto"
1388057383,0.85244125,8,9.99043016453,99.8086948724,133.238288803,130.648239508,"walking"
1387874866,0,150,12.0459974559,145.106054708,145.106054708,146.746561033,"stationary"
1387974383,0,32,11.9946104897,143.8706808,146.054943944,142.058219139,"stationary"
1388059316,1.6574476,8,11.7546206865,138.171107483,147.489211569,147.759907325,"auto"
1387974168,0,150,11.939304038,142.546980912,141.630568366,142.404636692,"stationary"
1387875069,0,150,11.9642405323,143.143051515,143.143051515,144.23277811,"stationary"
1387974899,0,32,11.9139795727,141.942909259,141.550307288,141.504094224,"stationary"
1387869673,0,905,11.5691875963,133.846101638,113.984513598,122.796975632,"walking"
1387971499,0,48,13.2979986009,176.83676679,165.458217014,165.458217014,"auto"
1387870917,0,16,12.0267038528,144.641605563,144.641605563,144.641605563,"auto"
1388060628,2.3307722,12,11.0275069961,121.605910549,76.9514844041,92.0498209771,"bus"
1387875505,0,32,11.966291387,143.192129559,143.293522138,143.293522138,"stationary"
1387972946,0,16,14.1155464257,199.248650896,209.619026124,206.333108756,"bus"
1387972153,0,8,12.1804045554,148.362255133,135.637582042,130.909816985,"bus"
1387974575,0,150,11.9601624641,143.045486168,141.891573296,142.164263045,"stationary"
1387875234,0,32,11.9866221783,143.679111245,143.679111245,143.788479205,"stationary"
1388060475,2.3307722,12,9.53396948542,90.8965741489,90.8965741489,125.987308878,"bus"
1387875259,0,150,11.9680194383,143.233489276,142.886695611,143.176168792,"stationary"
1387971171,0,6,11.327308325,128.30791389,136.94956043,136.699388411,"auto"
1388057770,0,12,10.9279187026,119.419407171,210.573462531,174.021600561,"walking"
1387875677,0,150,12.0090485139,144.217246209,144.217246209,144.217246209,"stationary"
1388057752,0,12,10.9230125117,119.312202331,110.095745242,126.077223228,"walking"
1388059461,6.419715,8,9.83992736088,96.8241704674,146.49538308,150.897233196,"auto"
1387870536,0,16,12.3836312459,153.354322834,136.216568356,133.030761123,"auto"
1388060945,0,24,10.1883815229,103.803118056,105.727563225,104.086563025,"bus"
1388057887,0,1040,12.8373135659,164.796619589,159.039633722,155.715092432,"walking"
1387874894,0,16,13.1236784229,172.230935348,140.680980104,135.474568728,"stationary"
1387875498,0,32,11.95455909,142.911483036,142.911483036,142.911483036,"stationary"
1387874872,0,24,12.132857542,147.206232134,147.206232134,147.268550447,"stationary"
1387871141,0,16,12.1202649303,146.900821981,148.137244011,142.641539899,"auto"
1388059236,0,16,10.4175792003,108.525956395,105.024471208,103.866140466,"auto"
1387974009,0,150,12.0195363536,144.469254156,146.142475053,146.142475053,"stationary"
1387875473,1.2892194,48,11.9703672269,143.289691547,142.644605818,142.205655118,"stationary"
1387874949,0,32,12.0655946739,145.578574835,145.578574835,145.752542252,"stationary"
1387874854,1.4852908,48,12.111746464,146.694402408,145.387810839,145.547827054,"stationary"
1388061049,0,24,10.1142834202,102.298729104,130.315839065,121.843383256,"bus"
1388059138,0,8,11.5278539608,132.891416942,150.78801961,147.025082681,"auto"
1388057937,0,16,12.5456938868,157.394435101,161.011553113,170.307238133,"walking"
1388058180,0,16,10.2202905428,104.454338779,112.969349202,124.767130551,"walking"
1387871386,0,16,10.4272878573,108.728332059,109.138233074,111.334514827,"auto"
1387875121,0,32,12.0075203235,144.180544319,144.180544319,143.762455594,"stationary"
1387969612,1.1050557,6,9.82603144519,96.5508939619,89.2927354474,91.7573539228,"walking"
1387971417,7.7250023,12,10.659779144,113.630891399,107.048857813,114.463393787,"auto"
1387874844,0,858,12.0236847889,144.568995903,145.202953794,145.59836406,"stationary"
1387869677,1.1745969,12,15.3503272058,235.632545325,208.286328575,168.475410203,"walking"
1387875208,0,32,11.9921948336,143.812736927,143.812736927,143.924828586,"stationary"
1387870709,3.3018577,8,12.1359552996,147.281411034,140.511132576,137.993733921,"auto"
1387875193,0,32,11.9455382112,142.695883155,142.695883155,143.256708995,"stationary"
1388057819,0.7855121,12,12.744318317,162.417649365,126.996671081,136.841510942,"walking"
1387972175,0,8,9.7423984403,94.9143273696,118.314012099,117.781302732,"bus"
1387874905,0,16,12.1016899196,146.45089891,146.945181458,146.945181458,"stationary"
1387872155,0,24,8.49305388776,72.1319643404,64.20906969,59.6573626128,"bus"
1388058061,0,12,11.7234147802,137.438454109,140.730568646,139.068278985,"walking"
1387972318,0,12,10.26161343,105.300710187,105.300710187,143.442047909,"bus"
1387871324,0,12,11.1035274004,123.288320731,123.288320731,158.382884467,"auto"
1387974288,0,16,11.9439774938,142.658598372,143.641887214,143.661108854,"stationary"
1387871733,0,24,11.819871787,139.709369061,143.914439511,145.860934003,"bus"
1387869523,1.1312865,8,12.4785990154,155.715433387,150.926114042,145.605019558,"walking"
1387875572,0,32,11.9598745332,143.03859885,143.4210621,142.954908753,"stationary"
1387970718,0,858,10.8741963937,118.248147209,117.786154381,113.016113923,"auto"
1387970926,1.2724793,12,12.5670018122,157.929534548,157.929534548,115.686323168,"auto"
1387871088,8.384764,8,12.3576090815,152.710502211,152.710502211,150.977068753,"auto"
1387969726,0.95055217,6,14.7554232756,217.722516042,256.980145488,264.258429141,"walking"
1387974566,0,32,11.923024037,142.158502187,142.628083304,141.950197882,"stationary"
1387874996,0,32,11.9680121536,143.233314909,143.233314909,143.874437361,"stationary"
1388057698,0,902,12.7308165267,162.073689436,141.995677103,135.922156051,"walking"
1387874968,0,32,12.098815188,146.381328953,147.139745724,146.262203472,"stationary"
1388060951,0,24,10.3616080923,107.362922258,102.277831867,109.41284097,"bus"
1387869493,0.8789924,6,11.4100099525,130.188327116,130.188327116,126.902099251,"walking"
1387875716,0,32,11.9646805838,143.153581472,141.911089813,143.151431875,"stationary"
1388057844,0,24,11.6571960282,135.89021924,135.89021924,96.8291244066,"walking"
1387974840,0,150,11.90867668,141.816580269,141.463009891,142.171295868,"stationary"
1387872248,0,24,9.56469965143,91.4834794221,149.039091884,150.504640032,"bus"
1388060999,0,24,10.4320948842,108.828603673,118.951688143,110.911264693,"bus"
1387872411,1.3415616,16,11.2099979999,125.664055158,125.664055158,84.064135757,"bus"
1388057785,0.8738028,12,13.146192045,172.822365284,172.822365284,160.732450589,"walking"
1387875553,0,32,11.9080243222,141.801043258,142.283017286,142.882817793,"stationary"
1387875396,0,32,11.9713702289,143.313705157,143.313705157,143.793998896,"stationary"
1388061003,0,24,9.16033081225,83.9116605899,140.684708911,135.935579111,"bus"
1387871521,0,8,11.9130332802,141.920361935,152.725865295,150.410495788,"bus"
1388057862,0,8,14.77469194,218.291521922,229.020852968,226.691856652,"walking"
1387974378,0,32,11.8674986181,140.837523451,141.884461959,141.999116814,"stationary"
1387969346,0,6,9.60813320265,92.3162236399,92.3162236399,177.820919514,"walking"
1387869868,0.8169887,6,11.6624137705,136.011894954,154.939374326,158.137919517,"walking"
1387974817,0,150,11.9213249024,142.117987429,141.070036083,141.477911016,"stationary"
1387875130,0,32,11.9642325035,143.142859398,143.142859398,143.659129404,"stationary"
1387870510,5.253451,12,11.6189539978,135.000092003,140.081378661,131.475328477,"auto"
1387869933,0.91688466,8,11.1399236135,124.097898115,122.489545481,121.372015241,"walking"
1388060800,2.3307722,12,10.4303422489,108.792039429,108.792039429,104.960525539,"bus"
1387869993,0.83818847,6,11.6809757208,136.44519379,136.44519379,166.641160059,"walking"
1387875385,0,32,11.9265926728,142.243612783,143.828501905,143.269765437,"stationary"
1388059434,0,971,11.8139974315,139.570535311,143.163929584,140.263343769,"auto"
1387974532,0,32,11.9698906306,143.278281709,143.278281709,143.833778497,"stationary"
1387871571,0,12,12.2318800463,149.618889467,172.819569035,172.819569035,"bus"
1387870315,1.257026,6,11.8743155605,140.99937003,140.99937003,170.402804412,"walking"
1388059176,8.497194,8,13.2627819489,175.901385024,160.342935371,141.977736324,"auto"
1387875683,0,32,11.9821260234,143.571344041,143.571344041,142.903963847,"stationary"
1387870039,0.9629933,12,13.9572360139,194.804437148,210.186396576,206.102515265,"walking"
1387970969,7.003927,12,8.88689669633,78.9769328912,103.168945039,98.7354172279,"auto"
1388057780,0.8521373,8,11.5791128398,134.075854157,157.155969102,182.302113293,"walking"
1387969624,1.0421793,6,9.39167660566,88.2035894653,98.8835324259,105.301655396,"walking"
1388058847,6.4271455,12,12.2113334261,149.116664043,128.449091724,136.699454052,"auto"
1388061088,0,24,10.8843410904,118.468880972,122.43404125,115.570098694,"bus"
1387972779,0,16,14.7360036147,217.149802532,164.771772142,132.168249165,"bus"
1387869522,0,905,12.5691860936,157.984439056,146.690473229,127.597477346,"walking"
1388058118,0,12,13.9534218119,194.697980261,197.871530381,199.232364246,"walking"
1388058060,0.8404945,16,12.1695775854,148.098618607,159.507463016,163.779012358,"walking"
1387871665,0,24,11.4886154731,131.988285489,137.900645176,140.575043015,"bus"
1387874851,0,858,12.0858450697,146.067651049,146.062423665,146.127432461,"stationary"
1388060612,2.3307722,12,10.6170957543,112.722722256,111.526360425,104.240658685,"bus"
1387969628,1.0660008,6,9.55617904024,91.3205578491,114.697232493,112.136204374,"walking"
1387974184,0,150,11.9911660603,143.788063486,142.403170069,144.686891923,"stationary"
1388060546,2.3307722,12,9.74607356246,94.9859498849,93.0124469821,90.4942221378,"bus"
1387875105,0,32,12.0294732165,144.708225866,145.232279118,144.793794787,"stationary"
1387974304,0.689752,96,11.9245847709,142.195721958,142.628398126,142.058535596,"stationary"
1387869583,1.1908313,6,7.29168334712,53.1686460347,284.603274058,292.147150095,"walking"
1387875552,0,32,11.9448485931,142.679407912,142.503390672,143.090743275,"stationary"
1387875430,0,48,11.9854258232,143.650432163,143.058849275,143.130808886,"stationary"
1387875704,0,32,11.9510553414,142.827723773,143.073344084,143.279150046,"stationary"
1387974448,0,32,12.0275558842,144.662100548,144.989408665,144.449382052,"stationary"
1387969288,1.4711752,16,5.6999124456,32.4890018875,33.8919409749,29.8600981729,"walking"
1387871084,8.384764,8,11.6101798653,134.796276505,134.796276505,112.424708205,"auto"
1387871201,5.421204,24,14.6475236858,214.549950126,214.549950126,121.018962968,"auto"
1387875618,0,150,11.9615106828,143.077737815,143.077737815,142.965261131,"stationary"
1387970080,0,12,11.8382732004,140.144712367,142.453007527,140.523182651,"walking"
1387974178,0,150,11.9450308385,142.683761733,142.169737839,143.8120937,"stationary"
1388060373,0,32,11.8663876636,140.811156183,149.957693633,149.056049963,"bus"
1387874984,0,32,12.0409459533,144.98437945,144.98437945,144.27630131,"stationary"
1388057892,0.95526165,12,11.786947331,138.932127384,140.976561141,149.645282346,"walking"
1387874848,0,858,12.080955151,145.94947736,145.866842087,143.819565165,"stationary"
1387874847,0,858,12.079494317,145.914182954,146.011714403,146.011714403,"stationary"
1388057315,0,8,12.7953390691,163.720701893,170.117300929,188.010945867,"walking"
1387973995,0,150,12.0066598094,144.159879779,144.159879779,143.775881705,"stationary"
1387969334,1.0443921,6,14.0446665956,197.252659782,186.186132031,184.901861077,"walking"
1387874903,0,12,11.8996704677,141.60215724,146.181409877,147.325849159,"stationary"
1388058903,2.320405,12,10.310258766,106.301435822,264.089798437,244.863284699,"auto"
1388059034,3.9179883,12,11.0724415967,122.598962912,153.219464731,214.565353399,"auto"
1387870850,3.2424483,16,12.0641614696,145.543991965,145.543991965,145.543991965,"auto"
1387970847,3.6625671,8,14.3870508825,206.987233096,206.987233096,288.177122209,"auto"
1387875373,0,24,11.9811749178,143.548552411,143.404000222,143.029420167,"stationary"
1387969432,1.1050621,12,12.1011292024,146.437327973,155.803678838,159.837944529,"walking"
1387971366,7.7250023,12,10.5727577597,111.783206645,116.212550594,104.969429983,"auto"
1387874914,0,24,12.0649760988,145.563648265,146.084178457,146.084178457,"stationary"
1387874934,0,16,11.9557958347,142.941054041,142.941054041,143.481975711,"stationary"
1388060709,2.3307722,12,10.4222750251,108.623816699,111.310252267,111.595423337,"bus"
1387869685,0,24,24.4665423479,598.611694462,598.611694462,172.19432938,"walking"
1387971072,2.7986867,8,10.3430962033,106.979639071,102.627824086,97.0907103405,"auto"
1387871563,0,16,12.6186927429,159.23140654,156.115675814,148.286388001,"bus"
1387870021,0,858,11.0476765324,122.051156765,130.91496716,132.718338933,"walking"
1388057392,0.8925872,12,11.0233838133,121.514990695,126.706581659,128.26829674,"walking"
1387972237,6.277483,32,11.1091962011,123.414240235,110.561166634,103.907819848,"bus"
1387974169,0,150,11.9113369005,141.879946757,141.941232014,143.025119968,"stationary"
1387875085,0,32,12.0012473314,144.029937509,144.029937509,144.056749882,"stationary"
1388059131,0,6,10.5685251233,111.693723282,161.121240501,155.223548631,"auto"
1388057858,0,12,9.81874972015,96.4078460669,129.292509244,131.944660728,"walking"
1388057864,0,1040,10.5012782932,110.276845791,110.276845791,212.431000277,"walking"
1388060424,0,983,12.652114441,160.075999828,163.251408315,170.474082489,"bus"
1387869485,0,16,12.0369934127,144.889210417,154.717868621,157.276679743,"walking"
1387974234,0,150,11.9500604785,142.80394544,157.681572122,136.892789011,"stationary"
1387973971,0,150,12.0110213928,144.264634898,144.361154004,144.424501453,"stationary"
1387971176,0,6,11.6228442811,135.090509183,137.130150621,130.283511211,"auto"
1387871787,0,24,11.9619298613,143.087766007,146.129059671,145.92359345,"bus"
1387970846,0,16,10.6671128702,113.787296986,113.766172577,115.206003313,"auto"
1387972616,0,16,11.0104145246,121.229228004,117.773643096,116.749786937,"bus"
1388060920,0,16,12.3302542274,152.035169312,156.607008538,157.599701592,"bus"
1387875330,0,150,11.9553052904,142.929324587,142.929324587,142.929324587,"stationary"
1387970948,5.0496173,8,10.7138390263,114.786346681,116.508750998,114.351478739,"auto"
1388057736,0,8,11.9591751383,143.021869989,115.978287838,110.992477899,"walking"
1387869912,1.1172355,6,12.4138965186,154.104826775,154.858568095,151.447395379,"walking"
1388059171,0,865,12.2026753024,148.905284536,165.744319354,172.462299849,"auto"
1387871583,0,768,11.4139079921,130.277295652,142.747914367,140.467042226,"bus"
1387870655,0,12,12.2873867374,150.979872834,150.979872834,145.733994757,"auto"
1387973954,0,150,11.9941406542,143.859410033,143.673983438,143.127883645,"stationary"
1387871310,0,12,11.4982320632,132.209340579,132.209340579,132.209340579,"auto"
1387870000,0.9091668,6,12.3722361207,153.072226626,123.777594034,117.795625112,"walking"
1387974837,0,32,11.8529462654,140.49233517,141.053789595,141.285756821,"stationary"
1387972589,0,16,9.90978567732,98.2038521704,97.789236643,101.734311396,"bus"
1387875293,0,32,11.9666728505,143.201259111,143.201259111,143.723725867,"stationary"
1387875377,0,24,11.9905852804,143.774135367,143.774135367,142.512394092,"stationary"
1387871326,0,12,16.3054394753,265.867356483,236.834089395,236.834089395,"auto"
1387875043,0,32,11.9579729545,142.993117181,142.993117181,143.59926559,"stationary"
1387875673,0,32,11.9999773598,143.999456636,143.999456636,144.169711883,"stationary"
1387870546,2.2149677,8,12.0838747291,146.020028469,127.643206472,125.411566012,"auto"
1388060772,2.3307722,12,10.4319261731,108.825083681,113.639351191,111.296015925,"bus"
1387973996,0,150,11.9885430001,143.725163265,143.725163265,144.412256952,"stationary"
1387874900,0,16,12.094681414,146.281318506,146.281318506,146.281318506,"stationary"
1388057804,0.7855121,12,13.3111595668,177.186969013,105.78798514,103.809752186,"walking"
1388059132,0,865,12.1990167448,148.81600954,143.258284159,136.803064688,"auto"
1387969657,1.0020846,6,13.5202220374,182.796403941,151.337089997,129.774380172,"walking"
1387870834,2.556587,12,14.7221756347,216.742455419,307.067710858,392.870101763,"auto"
1387972598,0,16,12.3750427175,153.14168226,153.14168226,149.73127494,"bus"
1387871767,0,16,11.9943410944,143.864218289,143.864218289,143.864218289,"bus"
1387869723,0,858,10.6343354112,113.089089638,130.034143901,130.034143901,"walking"
1388060425,2.4268932,12,9.18230391618,84.3147052091,84.3147052091,84.3147052091,"bus"
1387875475,0,48,11.9745082791,143.388848526,143.388848526,143.388848526,"stationary"
1387971057,0,8,11.9399515722,142.562443546,143.409681208,144.293020812,"auto"
1387872216,0,24,9.41079097436,88.5629867631,94.3143646572,94.3143646572,"bus"
1387970720,0,858,11.5378159891,133.121197798,119.162344963,125.134249871,"auto"
1387874912,0,24,12.12802952,147.089100038,146.153453864,147.076230525,"stationary"
1388060389,1.4574789,24,12.8948420966,166.276952696,166.276952696,156.865378039,"bus"
1387871138,0,8,12.0752399391,145.811419587,136.984010662,139.321171582,"auto"
1387969956,0.9819052,16,11.3658628493,129.182838309,116.348712793,118.034359512,"walking"
1387969658,1.012566,8,10.545958658,111.217244016,115.551901803,119.256840847,"walking"
1387874814,0,858,12.0498133779,145.198002442,145.40054396,146.832491143,"stationary"
1387870017,0,858,13.6787511127,187.108232003,101.255733481,113.440006817,"walking"
1387875169,0,32,11.9567127458,142.962979686,142.576928143,143.799417694,"stationary"
1387869653,1.3220195,16,12.6943826252,161.147350235,161.147350235,166.848715328,"walking"
1387871177,0,24,12.1720938012,148.159867505,111.717012886,131.521156892,"auto"
1387971117,0,8,11.7939800463,139.097965333,131.046870304,130.367286385,"auto"
1387974600,0,32,11.9176819772,142.03114371,142.763739572,142.702785318,"stationary"
1387870646,0,12,12.1359048138,147.28018565,142.152517717,143.088622585,"auto"
1387875214,0,32,11.9801803501,143.524721221,143.524721221,143.280183276,"stationary"
1387974816,0,32,11.9386678066,142.531788996,140.969227632,141.39818818,"stationary"
1387974878,0,150,11.8773892469,141.072375322,141.414234519,141.421346747,"stationary"
1387971069,0,8,10.8439523337,117.591302216,117.591302216,172.712770625,"auto"
1387969339,1.1221365,6,10.4741089792,109.706958908,109.706958908,118.918199122,"walking"
1388057913,0,12,12.4025946171,153.824353236,198.565471713,219.942720674,"walking"
1387974838,0,150,11.8697413146,140.890758876,141.380368539,141.077985169,"stationary"
1387969661,1.0029227,6,10.811952619,116.898319436,124.049862267,130.605751841,"walking"
1388059136,0,8,12.0113949331,144.273608239,141.834779866,144.088803436,"auto"
1387875350,0,150,12.0270363912,144.649604355,144.649604355,144.649604355,"stationary"
1387875056,0,150,11.9571295251,142.97294648,142.289705877,142.530745435,"stationary"
1388060619,2.3307722,12,9.99189955855,99.8380567882,152.497284096,114.141160489,"bus"
1387875410,0,24,11.9671961778,143.213784358,143.213784358,143.213784358,"stationary"
1387869735,0.9833438,8,10.3361540775,106.836081114,191.280996025,157.817830745,"walking"
1387970968,7.003927,12,11.3097139322,127.909629228,58.8924984919,62.2801476009,"auto"
1387972651,0,16,12.1961471816,148.746006075,124.943763043,111.12651278,"bus"
1388057831,0,16,12.9058798838,166.561735575,128.9312517,143.594879415,"walking"
1387869649,1.3220195,16,11.6873323623,136.593737747,139.454292039,139.454292039,"walking"
1387974429,0,32,11.9349006558,142.441853664,143.694202662,144.134698206,"stationary"
1388059033,2.4022331,12,7.28381254672,53.0539252158,53.0539252158,188.366148649,"auto"
1387875466,0.9782396,48,11.9644903229,143.149028687,143.149028687,143.089665622,"stationary"
1387969788,0,858,11.1191780306,123.636120076,232.254804983,229.1925051,"walking"
1388059426,0,8,11.7688372834,138.505531003,135.859432949,137.971242542,"auto"
1387875720,0,150,11.9147972328,141.962393099,141.962393099,142.8428481,"stationary"
1387973985,0,150,12.0125319284,144.300923331,143.477947445,143.581234016,"stationary"
1387872190,0,24,9.52394550314,90.7055379468,90.7055379468,124.100438342,"bus"
1387870736,4.9629927,8,8.94385643027,79.9925678453,120.234377416,106.873376286,"auto"
1388057388,0.89143926,12,11.1110271289,123.454923859,109.295431062,125.073500209,"walking"
1387871274,0,12,12.4574973468,155.189240146,163.540644871,174.65084621,"auto"
1387870500,3.455934,12,13.6219293696,185.55695975,172.994547427,161.81439245,"auto"
1387972797,0,16,13.166371253,173.353331972,173.353331972,79.7375013875,"bus"
1387875506,1.212526,32,11.9909353927,143.782531592,143.782531592,143.362646661,"stationary"
1387871093,8.384764,8,7.21354298676,52.0352024218,52.0352024218,52.0352024218,"auto"
1387872395,1.3415616,16,11.6310477385,135.281271495,135.281271495,135.281271495,"bus"
1387974524,0,32,11.9994543647,143.986905051,143.986905051,144.249066171,"stationary"
1387869584,1.5446255,12,10.5916401731,112.182841556,480.853665178,435.038932522,"walking"
1388057832,0,16,11.0543962274,122.199675952,120.372567346,130.009999034,"walking"
1388061072,0,24,10.9597295614,120.115672059,120.115672059,122.721013444,"bus"
1388061015,0,24,12.6482292392,159.977702887,141.949007569,125.868751477,"bus"
1387874920,0,12,12.0731956171,145.762052409,145.389812099,146.712761665,"stationary"
1388059088,7.702458,12,14.0919311564,198.582523717,92.5838217261,104.22322728,"auto"
1387974112,0,150,11.9207536048,142.104366506,142.069917709,139.695256791,"stationary"
1387875051,0,32,11.9727527021,143.346807266,143.189831901,143.345302584,"stationary"
1387972242,7.7965574,16,13.8674647506,192.306578609,142.93024424,129.72232712,"bus"
1387875322,0,32,11.9404247782,142.573743884,142.573743884,143.119943005,"stationary"
1387969813,0.8854694,16,11.2833026572,127.312918854,140.907808506,149.714369166,"walking"
1388057355,1.0846293,12,11.3456824143,128.724509446,138.063726249,135.262422601,"walking"
1387969340,1.1221365,6,12.3672303922,152.948387574,124.841826615,114.380208408,"walking"
1387871823,0,24,12.1110410359,146.677314973,146.677314973,146.677314973,"bus"
1387969880,0.8600392,12,10.5895414995,112.13838917,103.197085188,103.775653354,"walking"
1388057776,0,12,14.5726667198,212.362615326,225.242990131,233.760903006,"walking"
1387874976,0,32,12.0105252228,144.252716128,144.252716128,145.530424488,"stationary"
1388057338,0.74608165,16,11.7308078509,137.611852835,124.834341105,103.755752789,"walking"
1387972964,1.0209259,6,11.1218303061,123.695109358,116.471546229,121.904827876,"bus"
1387874841,0,858,11.8810769341,141.159989114,144.862616399,144.106311681,"stationary"
1387875491,0,32,11.9592833185,143.024457492,143.024457492,142.819017978,"stationary"
1387969335,1.0443921,6,12.1031292974,146.48573879,128.614145628,130.170396609,"walking"
1387971337,7.7250023,12,10.8113296608,116.884849034,139.29153373,135.281835246,"auto"
1388057697,0,902,11.5615660554,133.669809653,146.926568457,143.910901558,"walking"
1387870036,0.9193869,16,11.1019084105,123.252370355,115.318891719,110.521604492,"walking"
1387875355,0,32,11.9421312919,142.614499793,142.909244635,143.986466065,"stationary"
1387875194,0,150,11.985235114,143.645860738,142.778347526,143.917845803,"stationary"
1387872152,0,24,10.1227466483,102.469999706,102.469999706,124.548367088,"bus"
1387971246,1.6358776,8,12.3107656195,151.554950138,107.034432328,113.762933911,"auto"
1387869834,0,858,9.73686508503,94.8065416841,94.8065416841,94.8065416841,"walking"
1387974412,0,865,11.9435289846,142.647884606,142.828808498,142.285113995,"stationary"
1387972291,0,24,11.8895553206,141.361525722,141.361525722,150.562601341,"bus"
1388060958,0,24,10.2763370407,105.603102974,106.877889656,105.171752695,"bus"
1388060228,0,16,9.14678996556,83.6637666741,101.889603854,97.2721381558,"bus"
1387875649,0,32,11.99647128,143.915323172,142.621389894,143.037876582,"stationary"
1387872075,0,24,10.3972976677,108.103798791,104.771390412,104.542196181,"bus"
1387971489,7.7250023,12,15.0295729244,225.88806229,216.744185514,178.25090794,"auto"
1387871048,4.9206324,12,8.74241628794,76.4298425516,161.923822959,186.002177056,"auto"
1388060907,2.3307722,12,12.1717695467,148.151973898,148.151973898,146.537467531,"bus"
1387872054,0,24,11.4730261857,131.630329858,64.9019413883,82.3760228209,"bus"
1388061068,0,24,11.1423838204,124.152717201,124.152717201,138.990827048,"bus"
1387971391,7.7250023,12,10.8538569929,117.806211622,117.806211622,134.694868038,"auto"
1387974761,0,32,11.9170004841,142.014900538,142.418825514,142.30068872,"stationary"
1387871185,0,24,11.4373265872,130.812439462,140.917873447,150.502026584,"auto"
1388057936,0,12,11.6692192597,136.170678131,141.772398988,142.368011677,"walking"
1387870965,0,16,13.0978283666,171.553107921,171.553107921,142.864160108,"auto"
1387974471,0,32,11.9847344357,143.633859494,144.329560078,147.71830929,"stationary"
1387874880,0,16,12.1072165155,146.584691753,147.434261613,147.168070709,"stationary"
1388057291,0,1007,12.5472044482,157.432339465,156.769714338,151.963871295,"walking"
1387875361,0,32,11.9575792146,142.983700673,144.342885903,142.249880894,"stationary"
1387875155,0,32,11.9381987234,142.520588759,142.520588759,142.867703391,"stationary"
1387972674,0,16,13.4094651278,179.813755014,112.405049276,137.56624675,"bus"
1387974409,0,32,11.9308068937,142.344153135,141.957474885,142.340832803,"stationary"
1387970805,3.2040365,16,10.4286641711,108.757036394,105.510382569,103.872115785,"auto"
1388058016,0.724592,12,12.7127320412,161.613555951,161.80538086,162.475313599,"walking"
1387875297,0,32,11.937679841,142.508199986,142.508199986,142.508199986,"stationary"
1387872025,0,24,12.2094819363,149.071449153,156.247625082,153.900257462,"bus"
1388057893,0.95937407,6,10.4338785527,108.865821652,115.829977629,123.470609988,"walking"
1387871874,0,32,9.92856169243,98.5763372804,98.5763372804,98.0759848399,"bus"
1387969792,0,12,9.3583864133,87.5793962606,91.5841825946,94.7401302366,"walking"
1387869750,0,8,12.2881630801,150.998951883,115.299375529,110.59321885,"walking"
1388057747,0,902,12.565058621,157.880698149,146.299298688,145.870847479,"walking"
1387974480,0,32,12.0254187115,144.610695187,145.172505448,144.626525073,"stationary"
1387870602,2.9799929,6,11.6178494739,134.974426398,161.572684478,173.538013318,"auto"
1387972298,0,24,12.021412097,144.514348806,145.91346245,144.863296336,"bus"
1387974505,0,32,12.0224606608,144.53956034,144.190533073,145.165661195,"stationary"
1387871605,0,8,11.2396106014,126.328846471,121.487066949,127.35214676,"bus"
1388061035,0,24,10.3822373909,107.790853241,111.254278828,111.065471369,"bus"
1387875636,0,32,12.0050901546,144.12218962,144.12218962,143.0277793,"stationary"
1387870045,0,12,12.0846717204,146.03929059,112.875642235,119.949533874,"walking"
1387871528,0,16,12.1366180211,147.29749699,153.704418212,150.297411098,"bus"
1387871936,0,32,12.7416963309,162.350825389,134.449351404,135.644067819,"bus"
1387872267,0,885,12.154301232,147.727038438,149.741108307,147.578417648,"bus"
1388057710,0,12,12.8479780285,165.070539421,165.070539421,185.792822577,"walking"
1387869672,0,16,11.8683680642,140.858160507,140.858160507,134.112555953,"walking"
1387871130,0,8,12.1440843284,147.478784175,144.160929148,141.892342916,"auto"
1387971520,0,8,11.418362422,130.3790004,129.834825825,137.097991957,"auto"
1387869552,1.1908313,6,13.4970617709,182.170676447,198.911571409,217.430247895,"walking"
1388060887,2.3307722,12,11.9063664532,141.761562118,141.761562118,142.839344948,"bus"
1387970965,7.003927,12,11.8165935666,139.631883518,109.629357291,96.51420999,"auto"
1388059230,0,16,11.7583579247,138.258981085,127.883218379,129.043298955,"auto"
1388057765,0,12,12.5282319841,156.956596647,160.334906746,155.627905161,"walking"
1387974636,0,150,11.8874631062,141.311779101,140.942312598,142.026145232,"stationary"
1387974305,0.047625344,64,11.935971075,142.467405503,142.089943192,142.385616657,"stationary"
1388058999,2.4022331,12,10.6406358047,113.223130328,102.566833603,80.1280579817,"auto"
1387875606,0,32,11.9635022356,143.125385741,142.601946291,143.126780108,"stationary"
1387875609,0,150,11.9779323705,143.470863872,141.593160727,142.750209599,"stationary"
1387874887,0,16,12.1130932,146.727026872,144.936568204,145.376479822,"stationary"
1387974589,0,150,11.9049483749,141.727795809,141.287251472,142.588248351,"stationary"
1387871012,0,6,11.8809105619,141.15603578,141.880809051,144.440729634,"auto"
1388059221,0,8,11.2682744312,126.974008657,132.315864628,133.129772124,"auto"
1388057991,0,1040,15.1636283526,229.935624816,102.14034449,104.367091225,"walking"
1387871361,0,8,12.2523460459,150.119983628,147.166288962,146.956964923,"auto"
1388057372,0,1007,9.85677039928,97.1559227041,100.022093924,103.17382851,"walking"
1387874962,0,32,12.0921424853,146.219909885,145.806422139,145.853729454,"stationary"
1388058841,4.340325,8,11.4363486195,130.790069747,132.353500476,131.665717825,"auto"
1387875060,0,32,11.9975460221,143.941110552,143.941110552,143.941110552,"stationary"
1387875536,0,32,11.9852854898,143.647068272,143.097977234,143.043644605,"stationary"
1387875145,0,32,11.9711468151,143.308356069,144.268765674,143.79802907,"stationary"
1387875349,0,32,11.9892474595,143.742054645,143.742054645,142.288361621,"stationary"
1387870904,0,16,12.1850014516,148.474260375,146.964104434,148.759649196,"auto"
1387974857,0,32,11.9302827679,142.331646922,141.783577232,142.863988464,"stationary"
1387875487,0,32,11.9947628996,143.874337018,143.874337018,142.243784774,"stationary"
1388057859,0,8,11.5764850159,134.015005323,125.89533941,123.258483681,"walking"
1387974067,0,150,11.9155642045,141.980670312,142.710381496,142.490678327,"stationary"
1387973942,0,885,11.1553654748,124.442178876,143.470841993,143.64109878,"stationary"
1387871171,0,16,11.6101579743,134.795768188,131.237768002,127.862008721,"auto"
1388059572,6.6919413,12,11.4590412404,131.309626149,130.17409872,130.3372451,"auto"
1388059127,0,6,12.6600056138,160.275742141,160.275742141,149.733482932,"auto"
1387971427,7.7250023,12,11.5541290664,133.497898483,136.167283467,125.343731759,"auto"
1387874812,0,858,12.0673954642,145.622033289,145.622033289,145.589935849,"stationary"
1387974263,0,16,12.0344010488,144.826808603,144.826808603,143.839789432,"stationary"
1387869742,0.9833438,8,11.8160497616,139.619031969,139.619031969,139.619031969,"walking"
1387974588,0,32,11.9579377658,142.992275611,142.992275611,142.139999601,"stationary"
1387870992,0,16,11.6960557452,136.797719995,129.729955903,126.246048655,"auto"
1388059242,0,865,12.192952315,148.668086156,149.637222943,141.418110039,"auto"
1388057743,0.90132445,16,10.5764543717,111.861387077,103.422333057,107.253245025,"walking"
1387973977,0,150,12.0282561545,144.678946118,144.973043632,144.589311741,"stationary"
1387875068,0,32,11.9676244936,143.22403602,143.22403602,143.22403602,"stationary"
1388058849,0,1048,13.4332391778,180.451914808,162.773735346,148.455280693,"auto"
1388059052,0,6,12.3509917929,152.546998268,157.084742554,160.173042997,"auto"
1388059051,0,932,11.8023395036,139.295217758,143.870322422,141.467363078,"auto"
1387875669,0,32,11.9579892919,142.993507905,142.993507905,143.400737105,"stationary"
1388057784,0.8521373,8,12.8246467084,164.471563195,171.177886072,180.950280879,"walking"
1388057570,0,16,12.8027560009,163.910561219,166.671807602,166.826156877,"walking"
1387971102,0,6,10.5623457623,111.563148002,110.855111851,109.408947538,"auto"
1387974228,0,150,11.9882690718,143.718595338,143.040483615,143.758220202,"stationary"
1387875493,0,32,11.9641309305,143.140428922,143.140428922,143.346417364,"stationary"
1388061047,0,24,9.38941005767,88.1610212311,105.015391343,96.5550645926,"bus"
1387871308,0,12,11.9073944898,141.786043536,169.880876915,176.50303337,"auto"
1387870669,0,6,12.2074244828,149.021212503,151.5465556,147.14162984,"auto"
1388060388,0,32,9.90418158319,98.0928128328,98.0928128328,100.2272586,"bus"
1388061031,0,24,10.3238161324,106.581179536,106.288775183,101.335990885,"bus"
1387875185,0,32,11.9449803598,142.682555796,143.102684329,143.485556903,"stationary"
1387972335,1.7608119,16,13.0613191422,170.598057734,143.020306701,153.876238584,"bus"
1387875362,0,24,11.9573325696,142.97780218,143.639558187,143.639558187,"stationary"
1387871063,6.964149,12,12.0089886531,144.21580847,206.938504162,197.672336219,"auto"
1387969913,0.9455092,8,12.8815913251,165.935395067,176.419762573,188.611326021,"walking"
1388060447,2.3307722,12,9.55895969136,91.373710381,88.2923166471,89.5644271872,"bus"
1388060962,0,24,10.2348478044,104.752109579,106.705575074,102.625568325,"bus"
1387875594,0,32,11.9205624299,142.099808645,142.099808645,142.435676257,"stationary"
1387974609,0,32,11.9341803436,142.424660474,143.21570952,141.93826345,"stationary"
1387869787,0.87316436,8,11.131133545,123.902133997,147.194857468,148.647830636,"walking"
